{"name":"762a1080-c1e8-4df2-8a20-6022589dd0e9","id":"/providers/Microsoft.Flow/flows/762a1080-c1e8-4df2-8a20-6022589dd0e9","type":"Microsoft.Flow/flows","properties":{"apiId":"/providers/Microsoft.PowerApps/apis/shared_logicflows","displayName":"Github Commit Summary","definition":{"metadata":{"workflowEntityId":null,"processAdvisorMetadata":null,"flowChargedByPaygo":null,"flowclientsuspensionreason":"None","flowclientsuspensiontime":null,"flowclientsuspensionreasondetails":null,"creator":{"id":"dda2c64b-5b80-4bba-b301-341a08adcadc","type":"User","tenantId":"bd0edc69-11ea-4701-85eb-20002872112d"},"provisioningMethod":"FromDefinition","failureAlertSubscription":true,"clientLastModifiedTime":"2024-08-02T11:37:30.8089388Z","connectionKeySavedTimeKey":"2024-08-02T11:37:30.8089388Z"},"$schema":"https://schema.management.azure.com/providers/Microsoft.Logic/schemas/2016-06-01/workflowdefinition.json#","contentVersion":"1.0.0.0","parameters":{"$connections":{"defaultValue":{},"type":"Object"},"$authentication":{"defaultValue":{},"type":"SecureObject"}},"triggers":{"Recurrence":{"recurrence":{"frequency":"Week","interval":1,"timeZone":"India Standard Time","schedule":{"weekDays":["Monday","Tuesday","Wednesday","Thursday","Friday"],"hours":["17"],"minutes":[0]}},"metadata":{"operationMetadataId":"23975d50-8608-4d07-affd-dfb4248b043f"},"type":"Recurrence"}},"actions":{"Get_items":{"runAfter":{"Initialize_variable-varTeamId":["Succeeded"]},"metadata":{"operationMetadataId":"e90f283c-c8e1-4981-b152-eff0feb313e2"},"type":"OpenApiConnection","inputs":{"host":{"apiId":"/providers/Microsoft.PowerApps/apis/shared_sharepointonline","connectionName":"shared_sharepointonline","operationId":"GetItems"},"parameters":{"dataset":"https://intelliconnectq.sharepoint.com/sites/team","table":"aec7eb5b-b72d-4aa7-a019-0698c2bda0ed"},"authentication":"@parameters('$authentication')"}},"Initialize_variable-varNotCommitArray":{"runAfter":{},"metadata":{"operationMetadataId":"fed7c25c-f93a-48ab-9de9-7d3d833a3f18"},"type":"InitializeVariable","inputs":{"variables":[{"name":"varNotCommitArray","type":"array"}]}},"Select":{"runAfter":{"Get_items":["Succeeded"]},"metadata":{"operationMetadataId":"4ca29bee-5d59-465e-a9ca-2305d7ec31a8"},"type":"Select","inputs":{"from":"@outputs('Get_items')?['body/value']","select":{"Teams":"@item()?['team']"}}},"Compose":{"runAfter":{"Select":["Succeeded"]},"metadata":{"operationMetadataId":"4b758419-ba49-4942-9ad4-2cc5d3888b75"},"type":"Compose","inputs":"@union(body('Select'),body('Select'))"},"Apply_to_each_3":{"foreach":"@outputs('Compose_4')","actions":{"Compose_2":{"runAfter":{"Apply_to_each_4":["Succeeded"]},"metadata":{"operationMetadataId":"09277e62-128e-4a23-a2a5-08b95924bee3"},"type":"Compose","inputs":"@variables('varNotCommitArray')"},"Create_HTML_table":{"runAfter":{"Compose_2":["Succeeded"]},"metadata":{"operationMetadataId":"9d9b8d24-ed9c-4f37-80b7-2e813a62efca"},"type":"Table","inputs":{"from":"@variables('varNotCommitArray')","format":"HTML","columns":[{"header":"Organization","value":"@item()?['Organization']"},{"header":"Repository","value":"@item()?['Repository']"},{"header":"Branch","value":"@item()?['Branch']"},{"header":"Description","value":"@item()?['Description']"}]}},"Set_variable":{"runAfter":{"Condition_3":["Succeeded"]},"metadata":{"operationMetadataId":"d584eac9-4088-4cc1-9c7b-ab277a4c549a"},"type":"SetVariable","inputs":{"name":"varNotCommitArray","value":[]}},"Set_variable_3":{"runAfter":{"Set_variable":["Succeeded"]},"metadata":{"operationMetadataId":"8c95c96b-15e0-443e-aab1-12f5ff441b01"},"type":"SetVariable","inputs":{"name":"varTeamId","value":[]}},"Condition_3":{"actions":{},"runAfter":{"Create_HTML_table":["Succeeded"]},"else":{"actions":{"Post_message_in_a_chat_or_channel":{"runAfter":{},"metadata":{"operationMetadataId":"b276e503-0200-470f-95f8-fc36fad73a29"},"type":"OpenApiConnection","inputs":{"host":{"apiId":"/providers/Microsoft.PowerApps/apis/shared_teams","connectionName":"shared_teams","operationId":"PostMessageToConversation"},"parameters":{"poster":"User","location":"Group chat","body/recipient":"@item()?['id']","body/messageBody":"<p class=\"editor-paragraph\"><b><strong class=\"editor-text-bold\">No commits found for the following repositories today:</strong></b><br>@{body('Create_HTML_table')}</p><p class=\"editor-paragraph\"></p><br>"},"authentication":"@parameters('$authentication')"}}}},"expression":{"equals":["@empty(outputs('Compose_2'))","@true"]},"metadata":{"operationMetadataId":"e3deee87-4ba4-495c-b721-03b1bc3d589d"},"type":"If"},"Filter_array_2":{"runAfter":{},"metadata":{"operationMetadataId":"d4ce79fb-0849-4f67-a27e-d71256f99cb6"},"type":"Query","inputs":{"from":"@outputs('Get_items')?['body/value']","where":"@equals(item()?['team'], items('Apply_to_each_3')?['team'])"}},"Apply_to_each_4":{"foreach":"@body('Filter_array_2')","actions":{"Condition_2":{"actions":{"HTTP_2":{"runAfter":{},"metadata":{"operationMetadataId":"86c758d8-d45f-4fe7-bf42-be5a23370b5a"},"type":"Http","inputs":{"method":"GET","uri":"https://api.github.com/repos/@{items('Apply_to_each_4')?['Title']}/@{items('Apply_to_each_4')?['reponame']}/branches","headers":{"Authorization":"Bearer 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"}}},"Compose_3":{"runAfter":{"HTTP_2":["Succeeded"]},"metadata":{"operationMetadataId":"c5d2a090-c905-4e35-9aa7-10647cab8fb8"},"type":"Compose","inputs":"@body('HTTP_2')"},"Apply_to_each_5":{"foreach":"@outputs('Compose_3')","actions":{"HTTP":{"runAfter":{},"metadata":{"operationMetadataId":"6b0b1867-6d82-4408-af9d-e9718ff2693a"},"type":"Http","inputs":{"method":"GET","uri":"https://api.github.com/repos/@{items('Apply_to_each_4')?['Title']}/@{items('Apply_to_each_4')?['reponame']}/commits","headers":{"Authorization":"Bearer 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"},"queries":{"since":"@{startOfDay(utcNow())\r\n}","until":"@{addHours(startOfDay(utcNow()),24)}","sha":"@{items('Apply_to_each_5')?['name']}"}}},"Condition":{"actions":{"Append_to_array_variable":{"runAfter":{},"metadata":{"operationMetadataId":"178e3ed7-0ace-4184-ad98-7bc9413daded"},"type":"AppendToArrayVariable","inputs":{"name":"varNotCommitArray","value":{"Organization":"@items('Apply_to_each_4')?['Title']","Repository":"@items('Apply_to_each_4')?['reponame']","Branch":"@items('Apply_to_each_5')?['name']","Description":"@items('Apply_to_each_4')?['description']"}}}},"runAfter":{"HTTP":["Succeeded"]},"expression":{"equals":["@empty(body('HTTP'))","@true"]},"metadata":{"operationMetadataId":"3855256b-9095-41d8-858e-0a24f2b6c196"},"type":"If"}},"runAfter":{"Compose_3":["Succeeded"]},"metadata":{"operationMetadataId":"13aaf779-bd8d-417d-87a8-095f3342d7b3"},"type":"Foreach"}},"runAfter":{},"expression":{"equals":["@items('Apply_to_each_4')?['team']","@item()?['team']"]},"metadata":{"operationMetadataId":"f73db43f-aab9-4988-bf8e-4591d2e76d05"},"type":"If"}},"runAfter":{"Filter_array_2":["Succeeded"]},"metadata":{"operationMetadataId":"c015c4a0-908b-42b4-a00d-05e71caa4999"},"type":"Foreach"}},"runAfter":{"Compose_4":["Succeeded"]},"metadata":{"operationMetadataId":"06b85843-1159-4331-833d-5e5b545db076"},"type":"Foreach"},"Initialize_variable-varTeamId":{"runAfter":{"Initialize_variable-varNotCommitArray":["Succeeded"]},"metadata":{"operationMetadataId":"3037d414-b079-438c-95fb-fdfa9f6e48be"},"type":"InitializeVariable","inputs":{"variables":[{"name":"varTeamId","type":"array"}]}},"Apply_to_each":{"foreach":"@outputs('Compose')","actions":{"Filter_array_3":{"runAfter":{},"metadata":{"operationMetadataId":"860ef909-3ade-478b-83ea-a2caa4114a70"},"type":"Query","inputs":{"from":"@outputs('List_chats_2')?['body/value']","where":"@equals(item()?['topic'], items('Apply_to_each')?['Teams'])"}},"Apply_to_each_2":{"foreach":"@body('Filter_array_3')","actions":{"Append_to_array_variable_2":{"runAfter":{},"metadata":{"operationMetadataId":"66f8c6cb-8671-4996-bb27-e952e6cc16dd"},"type":"AppendToArrayVariable","inputs":{"name":"varTeamId","value":{"team":"@items('Apply_to_each_2')?['topic']","id":"@items('Apply_to_each_2')?['id']"}}}},"runAfter":{"Filter_array_3":["Succeeded"]},"metadata":{"operationMetadataId":"dac9e074-c3eb-4b34-9384-79c032d13a8c"},"type":"Foreach"}},"runAfter":{"List_chats_2":["Succeeded"]},"metadata":{"operationMetadataId":"fe76c14d-660d-4f0a-8b7e-a0cd02f90fe8"},"type":"Foreach"},"List_chats_2":{"runAfter":{"Compose":["Succeeded"]},"metadata":{"operationMetadataId":"62e0ccc9-ee52-4334-952a-0cffe0f60575"},"type":"OpenApiConnection","inputs":{"host":{"apiId":"/providers/Microsoft.PowerApps/apis/shared_teams","connectionName":"shared_teams","operationId":"GetChats"},"parameters":{"chatType":"all","topic":"all"},"authentication":"@parameters('$authentication')"}},"Compose_4":{"runAfter":{"Apply_to_each":["Succeeded"]},"metadata":{"operationMetadataId":"1dcf942b-e35a-425d-9834-f7c177c8ec19"},"type":"Compose","inputs":"@variables('varTeamId')"}}},"connectionReferences":{"shared_sharepointonline":{"connectionName":"3b2bc44b885040aa87eb04fe8d2e3a23","source":"Embedded","id":"/providers/Microsoft.PowerApps/apis/shared_sharepointonline","tier":"NotSpecified"},"shared_teams":{"connectionName":"shared-teams-f71983d5-6cb2-4bdf-b80c-5a634c0bc3c8","source":"Embedded","id":"/providers/Microsoft.PowerApps/apis/shared_teams","tier":"NotSpecified"}},"flowFailureAlertSubscribed":false,"isManaged":false}}