{"name":"e356cac1-8ad4-4a1e-862e-d65190ef394d","id":"/providers/Microsoft.Flow/flows/e356cac1-8ad4-4a1e-862e-d65190ef394d","type":"Microsoft.Flow/flows","properties":{"apiId":"/providers/Microsoft.PowerApps/apis/shared_logicflows","displayName":"Github Commit Summary","definition":{"metadata":{"workflowEntityId":null,"processAdvisorMetadata":null,"flowChargedByPaygo":null,"flowclientsuspensionreason":"None","flowclientsuspensiontime":null,"flowclientsuspensionreasondetails":null,"creator":{"id":"0b141359-42fc-47aa-9482-35a8d348382d","type":"User","tenantId":"bd0edc69-11ea-4701-85eb-20002872112d"},"provisioningMethod":"FromDefinition","failureAlertSubscription":true,"clientLastModifiedTime":"2024-08-01T08:32:53.534614Z","connectionKeySavedTimeKey":"2024-08-01T08:32:53.534614Z"},"$schema":"https://schema.management.azure.com/providers/Microsoft.Logic/schemas/2016-06-01/workflowdefinition.json#","contentVersion":"1.0.0.0","parameters":{"$connections":{"defaultValue":{},"type":"Object"},"$authentication":{"defaultValue":{},"type":"SecureObject"}},"triggers":{"Recurrence":{"recurrence":{"frequency":"Week","interval":1,"timeZone":"India Standard Time","schedule":{"weekDays":["Monday","Tuesday","Wednesday","Thursday","Friday"],"hours":["17"],"minutes":[0]}},"metadata":{"operationMetadataId":"23975d50-8608-4d07-affd-dfb4248b043f"},"type":"Recurrence"}},"actions":{"Get_items":{"runAfter":{"Initialize_variable":["Succeeded"]},"metadata":{"operationMetadataId":"e90f283c-c8e1-4981-b152-eff0feb313e2"},"type":"OpenApiConnection","inputs":{"host":{"apiId":"/providers/Microsoft.PowerApps/apis/shared_sharepointonline","connectionName":"shared_sharepointonline","operationId":"GetItems"},"parameters":{"dataset":"https://intelliconnectq.sharepoint.com/sites/InternalProjects","table":"abdb66e3-3c02-4da7-9710-37229b54b049"},"authentication":"@parameters('$authentication')"}},"Initialize_variable-varNotCommitArray":{"runAfter":{},"metadata":{"operationMetadataId":"fed7c25c-f93a-48ab-9de9-7d3d833a3f18"},"type":"InitializeVariable","inputs":{"variables":[{"name":"varNotCommitArray","type":"array"}]}},"Select":{"runAfter":{"Get_items":["Succeeded"]},"metadata":{"operationMetadataId":"4ca29bee-5d59-465e-a9ca-2305d7ec31a8"},"type":"Select","inputs":{"from":"@outputs('Get_items')?['body/value']","select":{"Teams":"@item()?['team']"}}},"Compose":{"runAfter":{"Select":["Succeeded"]},"metadata":{"operationMetadataId":"4b758419-ba49-4942-9ad4-2cc5d3888b75"},"type":"Compose","inputs":"@union(body('Select'),body('Select'))"},"Apply_to_each_3":{"foreach":"@outputs('Compose')","actions":{"Apply_to_each_4":{"foreach":"@outputs('Get_items')?['body/value']","actions":{"Compose_3":{"runAfter":{},"metadata":{"operationMetadataId":"f53441de-89ed-48f9-b21a-e61bbbbb5cee"},"type":"Compose","inputs":"@items('Apply_to_each_3')?['team']"},"Condition_2":{"actions":{"HTTP":{"runAfter":{},"metadata":{"operationMetadataId":"6b0b1867-6d82-4408-af9d-e9718ff2693a"},"type":"Http","inputs":{"method":"GET","uri":"https://api.github.com/repos/@{items('Apply_to_each_4')?['Title']}/@{items('Apply_to_each_4')?['reponame']}/commits","headers":{"Authorization":"Bearer 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"},"queries":{"since":"@{startOfDay(utcNow())}","until":"@{addHours(startOfDay(utcNow()),24)}"}}},"Condition":{"actions":{"Append_to_array_variable":{"runAfter":{},"metadata":{"operationMetadataId":"178e3ed7-0ace-4184-ad98-7bc9413daded"},"type":"AppendToArrayVariable","inputs":{"name":"varNotCommitArray","value":{"Organization":"@items('Apply_to_each_4')?['Title']","Repository":"@items('Apply_to_each_4')?['reponame']","description":"@items('Apply_to_each_4')?['Description']"}}}},"runAfter":{"HTTP":["Succeeded"]},"expression":{"equals":["@empty(body('HTTP'))","@true"]},"metadata":{"operationMetadataId":"3855256b-9095-41d8-858e-0a24f2b6c196"},"type":"If"}},"runAfter":{"Condition_4":["Succeeded"]},"expression":{"equals":["@items('Apply_to_each_4')?['team']","@items('Apply_to_each_3')?['Teams']"]},"metadata":{"operationMetadataId":"f73db43f-aab9-4988-bf8e-4591d2e76d05"},"type":"If"},"List_chats":{"runAfter":{"Compose_3":["Succeeded"]},"metadata":{"operationMetadataId":"4d5c594a-eafe-4d97-9ac0-24cc25457f2b"},"type":"OpenApiConnection","inputs":{"host":{"apiId":"/providers/Microsoft.PowerApps/apis/shared_teams","connectionName":"shared_teams","operationId":"GetChats"},"parameters":{"chatType":"all","topic":"@items('Apply_to_each_4')?['team']"},"authentication":"@parameters('$authentication')"}},"Filter_array":{"runAfter":{"List_chats":["Succeeded"]},"metadata":{"operationMetadataId":"00a055a6-fe12-4ebc-a5df-769c3d9be88e"},"type":"Query","inputs":{"from":"@outputs('List_chats')?['body/value']","where":"@equals(item()?['topic'], items('Apply_to_each_4')?['team'])"}},"Condition_4":{"actions":{},"runAfter":{"Filter_array":["Succeeded"]},"else":{"actions":{"Append_to_string_variable":{"runAfter":{},"metadata":{"operationMetadataId":"e660e637-fd65-4647-85de-9856fc6f044b"},"type":"AppendToStringVariable","inputs":{"name":"varTeamId","value":"@first(body('Filter_array'))?['id']"}}}},"expression":{"equals":["@variables('varTeamId')","@first(body('Filter_array'))?['id']"]},"metadata":{"operationMetadataId":"1e4fcf6b-2491-41b6-b2f3-0083ae8365da"},"type":"If"}},"runAfter":{},"metadata":{"operationMetadataId":"c015c4a0-908b-42b4-a00d-05e71caa4999"},"type":"Foreach"},"Compose_2":{"runAfter":{"Compose_Team_ID":["Succeeded"]},"metadata":{"operationMetadataId":"09277e62-128e-4a23-a2a5-08b95924bee3"},"type":"Compose","inputs":"@variables('varNotCommitArray')"},"Create_HTML_table":{"runAfter":{"Compose_2":["Succeeded"]},"metadata":{"operationMetadataId":"9d9b8d24-ed9c-4f37-80b7-2e813a62efca"},"type":"Table","inputs":{"from":"@variables('varNotCommitArray')","format":"HTML","columns":[{"header":"Organization","value":"@item()?['Organization']"},{"header":"Repository","value":"@item()?['Repository']"},{"header":"Description","value":"@item()?['description']"}]}},"Set_variable":{"runAfter":{"Condition_3":["Succeeded"]},"metadata":{"operationMetadataId":"d584eac9-4088-4cc1-9c7b-ab277a4c549a"},"type":"SetVariable","inputs":{"name":"varNotCommitArray","value":[]}},"Compose_Team_ID":{"runAfter":{"Apply_to_each_4":["Succeeded"]},"metadata":{"operationMetadataId":"c3a2fbe5-fc6e-40ff-a29a-ad2d6898f2b9"},"type":"Compose","inputs":"@variables('varTeamId')"},"Condition_3":{"actions":{},"runAfter":{"Create_HTML_table":["Succeeded"]},"else":{"actions":{"Post_message_in_a_chat_or_channel":{"runAfter":{},"metadata":{"operationMetadataId":"b276e503-0200-470f-95f8-fc36fad73a29"},"type":"OpenApiConnection","inputs":{"host":{"apiId":"/providers/Microsoft.PowerApps/apis/shared_teams","connectionName":"shared_teams","operationId":"PostMessageToConversation"},"parameters":{"poster":"User","location":"Group chat","body/recipient":"@outputs('Compose_Team_ID')","body/messageBody":"<p class=\"editor-paragraph\"><b><strong class=\"editor-text-bold\">No commits found for the following repositories today:</strong></b><br>@{body('Create_HTML_table')}</p><p class=\"editor-paragraph\"></p><br>"},"authentication":"@parameters('$authentication')"}}}},"expression":{"equals":["@empty(outputs('Compose_2'))","@true"]},"metadata":{"operationMetadataId":"5ec50309-195f-424e-85cc-d8f1c3062175"},"type":"If"},"Set_variable_3":{"runAfter":{"Set_variable":["Succeeded"]},"metadata":{"operationMetadataId":"8c95c96b-15e0-443e-aab1-12f5ff441b01"},"type":"SetVariable","inputs":{"name":"varTeamId","value":"\"\""}}},"runAfter":{"Compose":["Succeeded"]},"metadata":{"operationMetadataId":"06b85843-1159-4331-833d-5e5b545db076"},"type":"Foreach"},"Initialize_variable":{"runAfter":{"Initialize_variable-varNotCommitArray":["Succeeded"]},"metadata":{"operationMetadataId":"3037d414-b079-438c-95fb-fdfa9f6e48be"},"type":"InitializeVariable","inputs":{"variables":[{"name":"varTeamId","type":"string"}]}}}},"connectionReferences":{"shared_sharepointonline":{"connectionName":"320b056ad1a4420dbc838a39c8183bcb","source":"Embedded","id":"/providers/Microsoft.PowerApps/apis/shared_sharepointonline","tier":"NotSpecified"},"shared_teams":{"connectionName":"shared-teams-590b03aa-79a2-4457-a6d8-c4407ede4d8a","source":"Embedded","id":"/providers/Microsoft.PowerApps/apis/shared_teams","tier":"NotSpecified"}},"flowFailureAlertSubscribed":false,"isManaged":false}}